{"cameraMode":{"drawMode":0,"name":"Shaded","section":"Shading Mode"},"sceneLighting":true,"audioPlay":false,"sceneViewState":{"showFog":true,"showMaterialUpdate":false,"showSkybox":false,"showFlares":true,"showImageEffects":true,"showParticleSystems":true},"in2DMode":false,"pivot":{"x":7.068828582763672,"y":-1.227442979812622,"z":3.5987179279327394},"rotation":{"x":-0.06295261532068253,"y":-0.7687833309173584,"z":0.07659618556499481,"w":-0.6317894458770752},"size":5.169928550720215,"orthographic":false}